{"skeleton":{"hash":"o8T6JTPPM/4","spine":"4.2.43","images":"./_Background2/","audio":"./audio"},"bones":[{"name":"root"},{"name":"bone","parent":"root"},{"name":"0001","parent":"bone","color":"000000ff"},{"name":"X_FallingDust","parent":"root","color":"000000ff"},{"name":"Freespin","parent":"root","color":"005fffff"},{"name":"FS_Lanthern_L3","parent":"Freespin","length":38.81,"rotation":-91.09,"x":-1047.77,"y":728.58,"inherit":"noScale","color":"0014ffff"},{"name":"Base_Lanthern_L2b2","parent":"FS_Lanthern_L3","length":38.81,"x":38.81,"inherit":"noScale","color":"0014ffff"},{"name":"Base_Lanthern_L2c2","parent":"Base_Lanthern_L2b2","length":38.81,"x":38.81,"inherit":"noScale","color":"0014ffff"},{"name":"Base_Lanthern_L2d2","parent":"Base_Lanthern_L2c2","length":38.81,"x":38.81,"inherit":"noScale","color":"0014ffff"},{"name":"Base_Lanthern_L2e2","parent":"Base_Lanthern_L2d2","length":38.81,"x":38.81,"inherit":"noScale","color":"0014ffff"},{"name":"Base_Lanthern_L2f2","parent":"Base_Lanthern_L2e2","length":38.81,"x":38.81,"inherit":"noScale","color":"0014ffff"},{"name":"FS_Lanthern_L","parent":"Base_Lanthern_L2f2","rotation":91.09,"x":343.72,"y":-8.18,"color":"005fffff"},{"name":"Glow3","parent":"FS_Lanthern_L","x":1066.16,"y":-191.05,"color":"000000ff"},{"name":"Glow5","parent":"root","color":"000000ff"},{"name":"Spin_Chain","parent":"root","x":153.08,"y":29.84},{"name":"Spin_Chain2","parent":"Spin_Chain"},{"name":"Spin_Chain3","parent":"Spin_Chain2","y":288.41},{"name":"mask","parent":"root"},{"name":"ChainGlow","parent":"root"},{"name":"Chain3","parent":"root"}],"slots":[{"name":"FS_Lanthern_L","bone":"FS_Lanthern_L"},{"name":"mask","bone":"mask"},{"name":"X_FallingDust","bone":"X_FallingDust"},{"name":"0001","bone":"0001"},{"name":"Glow3","bone":"Glow3","color":"00f4ffff","blend":"additive"},{"name":"Glow5","bone":"Glow5"},{"name":"Spin_Chain","bone":"Spin_Chain2"},{"name":"Spin_Chain3","bone":"Spin_Chain2","color":"ff4f00ff","blend":"additive"},{"name":"Spin_Chain2","bone":"Spin_Chain3"},{"name":"Spin_Chain4","bone":"Spin_Chain3","color":"ff4f00ff","blend":"additive"},{"name":"chainglow","bone":"ChainGlow"},{"name":"chainglow2","bone":"ChainGlow","blend":"additive"},{"name":"Chain3","bone":"Chain3"}],"skins":[{"name":"default","attachments":{"0001":{"Spark/0001":{"type":"mesh","uvs":[1,1,0,1,0,0,1,0],"triangles":[1,2,3,1,3,0],"vertices":[692,-1077.5,-692,-1077.5,-692,1077.5,692,1077.5],"hull":4,"edges":[0,2,2,4,4,6,0,6],"width":192,"height":135},"Spark/0002":{"type":"linkedmesh","parent":"Spark/0001","width":277,"height":233},"Spark/0003":{"type":"linkedmesh","parent":"Spark/0001","width":312,"height":299},"Spark/0004":{"type":"linkedmesh","parent":"Spark/0001","width":390,"height":432},"Spark/0005":{"type":"linkedmesh","parent":"Spark/0001","width":466,"height":586},"Spark/0006":{"type":"linkedmesh","parent":"Spark/0001","width":507,"height":662},"Spark/0007":{"type":"linkedmesh","parent":"Spark/0001","width":590,"height":814},"Spark/0008":{"type":"linkedmesh","parent":"Spark/0001","width":675,"height":960},"Spark/0009":{"type":"linkedmesh","parent":"Spark/0001","width":719,"height":1032},"Spark/0010":{"type":"linkedmesh","parent":"Spark/0001","width":800,"height":1170},"Spark/0011":{"type":"linkedmesh","parent":"Spark/0001","width":883,"height":1300},"Spark/0012":{"type":"linkedmesh","parent":"Spark/0001","width":922,"height":1362}},"Chain3":{"Chain1":{"type":"mesh","uvs":[1,1,0,1,0,0,1,0],"triangles":[0,2,3,0,1,2],"vertices":[21.5,-113.5,-21.5,-113.5,-21.5,113.5,21.5,113.5],"hull":4,"edges":[0,2,2,4,4,6,0,6],"width":43,"height":227},"Chain2":{"type":"linkedmesh","path":"Freespin_Frame_Chain_UI","parent":"Chain1","width":41,"height":224}},"chainglow":{"chainglow":{"type":"mesh","uvs":[1,1,0,1,0,0,1,0],"triangles":[1,2,3,0,1,3],"vertices":[420.58,-251.35,260.58,-251.35,260.58,328.65,420.58,328.65],"hull":4,"edges":[0,2,2,4,4,6,0,6],"width":160,"height":580}},"chainglow2":{"chainglow":{"type":"mesh","uvs":[1,1,0,1,0,0,1,0],"triangles":[1,2,3,0,1,3],"vertices":[420.58,-251.35,260.58,-251.35,260.58,328.65,420.58,328.65],"hull":4,"edges":[0,2,2,4,4,6,0,6],"width":160,"height":580}},"FS_Lanthern_L":{"FS_Lanthern_L":{"type":"mesh","uvs":[0.49718,0.35151,0.4978,0.34058,0.49843,0.32946,0.49902,0.31912,0.49961,0.30879,0.50037,0.29534,0.50107,0.28305,0.5018,0.27025,0.50238,0.25999,0.50296,0.24976,0.50379,0.23522,0.50443,0.22396,0.50506,0.21274,0.50578,0.20021,0.50625,0.19192,0.50689,0.18066,0.50737,0.17209,0.50807,0.15988,0.50869,0.14897,0.50916,0.14071,0.50963,0.13245,0.51036,0.1196,0.51115,0.10571,0.51193,0.09182,0.51278,0.07695,0.51334,0.06707,0.51396,0.05618,0.51468,0.04358,0.51511,0.03595,0.51578,0.02406,0.51638,0.01351,0.51715,0,0.58883,0,0.58836,0.01351,0.588,0.02406,0.58759,0.03595,0.58733,0.04358,0.5869,0.05618,0.58652,0.06707,0.58618,0.07695,0.58567,0.09182,0.58519,0.10571,0.58472,0.1196,0.58427,0.13245,0.58399,0.14071,0.58371,0.14897,0.58333,0.15988,0.58291,0.17209,0.58261,0.18066,0.58223,0.19192,0.58194,0.20021,0.58151,0.21274,0.58113,0.22396,0.58074,0.23522,0.58024,0.24976,0.57989,0.25999,0.57953,0.27025,0.57909,0.28305,0.57867,0.29534,0.57821,0.30879,0.57785,0.31912,0.5775,0.32946,0.57711,0.34058,0.57674,0.35151,0.57629,0.36467,0.60316,0.39862,0.57449,0.41609,0.5942,0.44404,0.57091,0.45802,0.68739,0.473,0.81999,0.50345,0.88271,0.55038,0.92034,0.61374,0.92751,0.65817,1,0.67464,1,0.70559,0.94543,0.72806,0.90959,0.73455,0.83253,0.86285,0.84945,0.87139,0.82983,0.89229,0.67388,0.92467,0.64495,0.94115,0.48704,0.98105,0.48459,1,0.41642,1,0.41789,0.98009,0.26293,0.93664,0.26244,0.91888,0.1109,0.88322,0.106,0.85699,0.12954,0.84866,0.06799,0.72516,0.00277,0.70425,0,0.67433,0.05966,0.66188,0.0832,0.61358,0.12488,0.55442,0.16313,0.52068,0.23914,0.4883,0.33723,0.47327,0.39852,0.4719,0.41079,0.4295,0.44119,0.41693,0.39068,0.38769,0.49661,0.36156],"triangles":[83,84,86,84,85,86,83,86,82,82,86,88,81,82,88,88,86,87,80,81,78,81,91,78,88,89,91,80,78,79,91,81,88,89,90,91,78,91,77,77,91,73,71,97,101,70,71,69,98,101,97,92,73,91,95,96,71,97,71,96,77,73,76,72,92,71,73,92,72,76,73,75,93,95,92,71,92,95,73,74,75,93,94,95,101,98,99,69,71,101,101,99,100,101,68,69,101,102,68,68,102,67,67,103,66,103,67,102,66,103,65,105,65,103,65,105,64,104,105,103,64,105,63,63,105,0,0,1,63,63,1,62,1,2,62,62,2,61,2,3,61,61,3,60,3,4,60,60,4,59,4,5,59,59,5,58,5,6,58,58,6,57,6,7,57,57,7,56,7,8,56,56,8,55,8,9,55,55,9,54,9,10,54,54,10,53,10,11,53,53,11,52,11,12,52,52,12,51,12,13,51,51,13,50,13,14,50,50,14,49,14,15,49,49,15,48,15,16,48,48,16,47,16,17,47,47,17,46,17,18,46,46,18,45,18,19,45,45,19,44,19,20,44,44,20,43,20,21,43,43,21,42,21,22,42,42,22,41,22,23,41,41,23,40,23,24,40,40,24,39,24,25,39,39,25,38,25,26,38,38,26,37,26,27,37,37,27,36,27,28,36,36,28,35,28,29,35,35,29,34,29,30,34,34,30,33,30,31,33,33,31,32],"vertices":[4,5,231.5,-8.37,0,9,76.25,-8.37,0,10,37.44,-8.37,0.99323,11,5.62,306.23,0.00677,4,5,224.05,-8.4,0,9,68.8,-8.4,1.0E-5,10,29.99,-8.4,0.99928,11,5.74,313.68,7.1E-4,4,5,216.46,-8.42,0,9,61.21,-8.42,0.0017,10,22.4,-8.42,0.99825,11,5.86,321.26,5.0E-5,3,5,209.42,-8.44,0,9,54.17,-8.44,0.04134,10,15.35,-8.44,0.95866,3,5,202.37,-8.47,0,9,47.12,-8.47,0.21259,10,8.31,-8.47,0.78741,3,5,193.19,-8.5,0,9,37.94,-8.5,0.52938,10,-0.87,-8.5,0.47062,3,5,184.81,-8.52,0,9,29.56,-8.52,0.8282,10,-9.25,-8.52,0.1718,4,5,176.08,-8.55,0,8,59.65,-8.55,0.00683,9,20.83,-8.55,0.96489,10,-17.98,-8.55,0.02828,4,5,169.08,-8.57,0,8,52.65,-8.57,0.06599,9,13.83,-8.57,0.93343,10,-24.98,-8.57,5.8E-4,3,5,162.11,-8.59,0,8,45.67,-8.59,0.27952,9,6.86,-8.59,0.72048,3,5,152.18,-8.63,0,8,35.75,-8.63,0.60167,9,-3.07,-8.63,0.39833,3,5,144.5,-8.65,0,8,28.07,-8.65,0.8721,9,-10.75,-8.65,0.1279,4,5,136.86,-8.67,0,7,59.23,-8.67,0.00835,8,20.42,-8.67,0.97056,9,-18.39,-8.67,0.02109,4,5,128.3,-8.7,0,7,50.68,-8.7,0.06157,8,11.87,-8.7,0.93743,9,-26.95,-8.7,0.001,3,5,122.65,-8.72,0,7,45.03,-8.72,0.25339,8,6.22,-8.72,0.74661,3,5,114.98,-8.74,0,7,37.35,-8.74,0.55752,8,-1.46,-8.74,0.44248,3,5,109.12,-8.76,0,7,31.5,-8.76,0.82997,8,-7.31,-8.76,0.17003,4,5,100.8,-8.79,0,6,61.98,-8.79,0.00225,7,23.17,-8.79,0.96231,8,-15.64,-8.79,0.03544,4,5,93.36,-8.81,0,6,54.54,-8.81,0.01923,7,15.73,-8.81,0.97521,8,-23.08,-8.81,0.00557,3,5,87.72,-8.83,0,6,48.91,-8.83,0.11097,7,10.1,-8.83,0.88903,3,5,82.09,-8.85,1.0E-5,6,43.28,-8.85,0.36157,7,4.46,-8.85,0.63842,3,5,73.33,-8.87,2.0E-5,6,34.51,-8.87,0.68524,7,-4.3,-8.87,0.31475,3,5,63.85,-8.9,0.01168,6,25.04,-8.9,0.90637,7,-13.78,-8.9,0.08195,3,5,54.38,-8.93,0.07344,6,15.57,-8.93,0.9167,7,-23.25,-8.93,0.00986,3,5,44.23,-8.97,0.27279,6,5.42,-8.97,0.72717,7,-33.39,-8.97,4.0E-5,3,5,37.49,-8.99,0.57173,6,-1.32,-8.99,0.42826,7,-40.13,-8.99,1.0E-5,3,5,30.06,-9.01,0.84093,6,-8.75,-9.01,0.15906,7,-47.56,-9.01,0,3,5,21.47,-9.04,0.9689,6,-17.34,-9.04,0.0311,7,-56.15,-9.04,0,3,5,16.27,-9.05,0.99684,6,-22.54,-9.05,0.00316,7,-61.35,-9.05,0,1,5,8.16,-9.08,1,1,5,0.96,-9.1,1,1,5,-8.25,-9.13,1,1,5,-8.51,4.48,1,1,5,0.7,4.57,1,1,5,7.9,4.64,1,1,5,16.01,4.72,1,3,5,21.21,4.76,0.97067,6,-17.6,4.76,0.02933,7,-56.41,4.76,0,3,5,29.8,4.84,0.84178,6,-9.01,4.84,0.15822,7,-47.82,4.84,0,3,5,37.23,4.91,0.57527,6,-1.58,4.91,0.42472,7,-40.4,4.91,1.0E-5,3,5,43.97,4.98,0.265,6,5.15,4.98,0.73496,7,-33.66,4.98,4.0E-5,3,5,54.11,5.07,0.07521,6,15.3,5.07,0.91749,7,-23.51,5.07,0.00731,3,5,63.58,5.16,0.00621,6,24.77,5.16,0.90704,7,-14.04,5.16,0.08675,3,5,73.06,5.25,1.0E-5,6,34.25,5.25,0.6881,7,-4.57,5.25,0.31188,3,5,81.82,5.33,0,6,43.01,5.33,0.35196,7,4.2,5.33,0.64803,3,5,87.45,5.39,0,6,48.64,5.39,0.10902,7,9.83,5.39,0.89098,3,5,93.09,5.44,0,6,54.27,5.44,0.01442,7,15.46,5.44,0.98558,3,5,100.52,5.51,0,7,22.9,5.51,0.96637,8,-15.91,5.51,0.03363,2,7,31.23,5.59,0.83609,8,-7.59,5.59,0.16391,3,5,114.7,5.64,0,7,37.08,5.64,0.56113,8,-1.74,5.64,0.43887,3,5,122.38,5.72,0,7,44.75,5.72,0.24894,8,5.94,5.72,0.75106,3,5,128.03,5.77,0,7,50.4,5.77,0.06337,8,11.59,5.77,0.93663,4,5,136.58,5.85,0,7,58.96,5.85,0.00334,8,20.14,5.85,0.97964,9,-18.67,5.85,0.01702,3,5,144.23,5.92,0,8,27.79,5.92,0.87174,9,-11.02,5.92,0.12826,3,5,151.91,5.99,0,8,35.47,5.99,0.60982,9,-3.34,5.99,0.39018,3,5,161.83,6.09,0,8,45.39,6.09,0.27578,9,6.58,6.09,0.72422,3,5,168.8,6.15,0,8,52.37,6.15,0.07007,9,13.55,6.15,0.92993,4,5,175.8,6.22,0,8,59.37,6.22,0.00446,9,20.55,6.22,0.96716,10,-18.26,6.22,0.02838,3,5,184.53,6.3,0,9,29.28,6.3,0.82895,10,-9.53,6.3,0.17105,3,5,192.91,6.38,0,9,37.66,6.38,0.52919,10,-1.15,6.38,0.47081,3,5,202.09,6.46,0,9,46.84,6.46,0.21234,10,8.02,6.46,0.78766,3,5,209.13,6.53,0,9,53.88,6.53,0.04124,10,15.07,6.53,0.95876,3,5,216.18,6.6,0,9,60.93,6.6,0.00129,10,22.12,6.6,0.99871,4,5,223.76,6.67,0,9,68.51,6.67,1.0E-5,10,29.7,6.67,0.99934,11,20.81,313.68,6.6E-4,4,5,231.22,6.74,0,9,75.97,6.74,0,10,37.15,6.74,0.99228,11,20.74,306.23,0.00771,4,5,240.19,6.82,0,9,84.94,6.82,0,10,46.13,6.82,0.96784,11,20.65,297.25,0.03216,4,5,263.24,12.37,0,9,107.99,12.37,0,10,69.18,12.37,0.91923,11,25.76,274.1,0.08077,4,5,275.26,7.15,0,9,120.01,7.15,0,10,81.2,7.15,0.84954,11,20.31,262.18,0.15046,3,5,294.25,11.25,0,10,100.19,11.25,0.75702,11,24.06,243.12,0.24298,3,5,303.87,7.01,0,10,109.81,7.01,0.6586,11,19.63,233.58,0.3414,3,5,313.66,29.33,0,10,119.6,29.33,0.55658,11,41.76,223.37,0.44342,3,5,333.95,54.92,0,10,139.88,54.92,0.46089,11,66.96,202.6,0.53911,3,5,365.72,67.44,0,10,171.66,67.44,0.36625,11,78.87,170.6,0.63375,3,5,408.79,75.41,0,10,214.72,75.41,0.27768,11,86.02,127.39,0.72232,3,5,439.06,77.34,0,10,244.99,77.34,0.20429,11,87.38,97.08,0.79571,3,5,450.03,91.33,0,10,255.97,91.33,0.15445,11,101.16,85.85,0.84555,3,5,471.13,91.73,0,10,277.07,91.73,0.125,11,101.16,64.74,0.875,3,5,486.65,81.65,0,10,292.59,81.65,0.09744,11,90.79,49.42,0.90256,3,5,491.2,74.93,0,10,297.14,74.93,0.06645,11,83.98,44.99,0.93355,3,5,578.97,61.95,0,10,384.9,61.95,0.03153,11,69.34,-42.51,0.96847,3,5,584.73,65.28,0,10,390.66,65.28,0.01015,11,72.55,-48.33,0.98985,2,10,404.99,61.82,1.4E-4,11,68.83,-62.59,0.99986,2,10,427.63,32.61,3.0E-5,11,39.2,-84.67,0.99997,1,11,33.7,-95.91,1,1,11,3.7,-123.12,1,1,11,3.23,-136.05,1,1,11,-9.72,-136.05,1,1,11,-9.44,-122.47,1,1,11,-38.89,-92.84,1,2,10,425.17,-45.62,4.0E-5,11,-38.98,-80.72,0.99996,2,10,401.4,-74.87,1.8E-4,11,-67.77,-56.41,0.99982,3,5,577.59,-76.14,0,10,383.53,-76.14,0.01032,11,-68.7,-38.52,0.98968,3,5,571.83,-71.78,0,10,377.76,-71.78,0.03337,11,-64.23,-32.83,0.96663,3,5,487.83,-85.07,0,10,293.77,-85.07,0.07134,11,-75.92,51.4,0.92866,3,5,473.82,-97.73,0,10,279.75,-97.73,0.107,11,-88.32,65.65,0.893,3,5,453.42,-98.64,0,10,259.36,-98.64,0.14486,11,-88.84,86.06,0.85514,3,5,444.72,-87.47,0,10,250.66,-87.47,0.19343,11,-77.51,94.55,0.80657,3,5,411.7,-83.62,0,10,217.64,-83.62,0.26405,11,-73.04,127.49,0.73595,3,5,371.21,-76.47,0,10,177.15,-76.47,0.34532,11,-65.11,167.84,0.65468,3,5,348.06,-69.64,0,10,154,-69.64,0.41989,11,-57.85,190.85,0.58011,3,5,325.71,-55.62,0,10,131.65,-55.62,0.48374,11,-43.4,212.94,0.51626,3,5,315.11,-37.18,0,10,121.04,-37.18,0.55639,11,-24.77,223.18,0.44361,3,5,313.95,-25.56,0,10,119.89,-25.56,0.64586,11,-13.12,224.12,0.35414,3,5,285,-23.78,0,10,90.93,-23.78,0.75486,11,-10.79,253.03,0.24514,3,5,276.32,-18.16,0,10,82.25,-18.16,0.85076,11,-5.02,261.61,0.14924,3,5,256.56,-28.14,0,10,62.5,-28.14,0.92612,11,-14.61,281.55,0.07388,4,5,238.36,-8.35,0,9,83.11,-8.35,0,10,44.3,-8.35,0.96929,11,5.51,299.37,0.03071],"hull":106,"edges":[62,64,128,130,130,132,132,134,134,136,136,138,138,140,140,142,142,144,144,146,146,148,148,150,150,152,152,154,154,156,156,158,158,160,160,162,162,164,164,166,166,168,168,170,170,172,172,174,174,176,176,178,178,180,180,182,182,184,184,186,186,188,188,190,190,192,192,194,194,196,196,198,198,200,200,202,202,204,204,206,206,208,208,210,62,60,64,66,60,66,60,58,66,68,58,68,58,56,68,70,56,70,56,54,70,72,54,72,54,52,72,74,52,74,52,50,74,76,50,76,76,78,50,48,78,48,48,46,78,80,46,80,80,82,46,44,82,44,44,42,82,84,42,84,84,86,42,40,86,40,36,90,86,88,88,90,36,38,38,40,88,38,36,34,90,92,34,92,92,94,34,32,94,32,32,30,94,96,30,96,96,98,30,28,98,28,28,26,98,100,26,100,100,102,26,24,102,24,24,22,102,104,22,104,104,106,22,20,106,20,20,18,106,108,18,108,108,110,18,16,110,16,16,14,110,112,14,112,14,12,112,114,12,114,114,116,12,10,116,10,10,8,116,118,8,118,118,120,8,6,120,6,6,4,120,122,4,122,122,124,4,2,124,2,2,0,0,210,124,126,126,128,0,126],"width":190,"height":682}},"Glow3":{"Glow":{"width":119,"height":119}},"Glow5":{"Glow":{"width":119,"height":119}},"mask":{"mask":{"type":"clipping","end":"mask","vertexCount":8,"vertices":[-101.69,58.07,-97.73,113.46,-22.56,109.5,52.61,105.55,51.62,50.16,50.63,-5.23,-27.51,-1.27,-105.64,2.68],"color":"ce3a3aff"}},"Spin_Chain":{"Spin_Chain":{"type":"mesh","uvs":[1,1,0,1,0,0,1,0],"triangles":[0,2,3,0,1,2],"vertices":[23.74,-155.3,-23.74,-155.3,-23.74,155.3,23.74,155.3],"hull":4,"edges":[0,2,2,4,4,6,0,6],"width":84,"height":517},"Spin_Chain2":{"type":"linkedmesh","path":"FSpin_Chain","parent":"Spin_Chain","width":84,"height":517}},"Spin_Chain2":{"Spin_Chain":{"type":"mesh","uvs":[1,1,0,1,0,0,1,0],"triangles":[1,2,0,2,3,0],"vertices":[23.74,-155.3,-23.74,-155.3,-23.74,155.3,23.74,155.3],"hull":4,"edges":[0,2,2,4,4,6,0,6],"width":84,"height":517},"Spin_Chain2":{"type":"linkedmesh","path":"FSpin_Chain","parent":"Spin_Chain","width":84,"height":517}},"Spin_Chain3":{"Spin_Chain":{"scaleX":0.5652,"scaleY":0.6008,"width":84,"height":517}},"Spin_Chain4":{"Spin_Chain":{"scaleX":0.5652,"scaleY":0.6008,"width":84,"height":517}},"X_FallingDust":{"Falling_Dust/00001":{"type":"mesh","uvs":[1,1,0,1,0,0,1,0],"triangles":[1,2,3,1,3,0],"vertices":[-27.5,-79.5,-27.5,79.5,27.5,79.5,27.5,-79.5],"hull":4,"edges":[0,2,2,4,4,6,0,6],"width":159,"height":55},"Falling_Dust/00002":{"type":"linkedmesh","parent":"Falling_Dust/00001","width":159,"height":55},"Falling_Dust/00003":{"type":"linkedmesh","parent":"Falling_Dust/00001","width":159,"height":55},"Falling_Dust/00004":{"type":"linkedmesh","parent":"Falling_Dust/00001","width":159,"height":55},"Falling_Dust/00005":{"type":"linkedmesh","parent":"Falling_Dust/00001","width":159,"height":55},"Falling_Dust/00006":{"type":"linkedmesh","parent":"Falling_Dust/00001","width":159,"height":55},"Falling_Dust/00007":{"type":"linkedmesh","parent":"Falling_Dust/00001","width":159,"height":55},"Falling_Dust/00008":{"type":"linkedmesh","parent":"Falling_Dust/00001","width":159,"height":55},"Falling_Dust/00009":{"type":"linkedmesh","parent":"Falling_Dust/00001","width":159,"height":55},"Falling_Dust/00010":{"type":"linkedmesh","parent":"Falling_Dust/00001","width":159,"height":55},"Falling_Dust/00011":{"type":"linkedmesh","parent":"Falling_Dust/00001","width":159,"height":55},"Falling_Dust/00012":{"type":"linkedmesh","parent":"Falling_Dust/00001","width":159,"height":55},"Falling_Dust/00013":{"type":"linkedmesh","parent":"Falling_Dust/00001","width":159,"height":55},"Falling_Dust/00014":{"type":"linkedmesh","parent":"Falling_Dust/00001","width":159,"height":55},"Falling_Dust/00015":{"type":"linkedmesh","parent":"Falling_Dust/00001","width":159,"height":55},"Falling_Dust/00016":{"type":"linkedmesh","parent":"Falling_Dust/00001","width":159,"height":55},"Falling_Dust/00017":{"type":"linkedmesh","parent":"Falling_Dust/00001","width":159,"height":55},"Falling_Dust/00018":{"type":"linkedmesh","parent":"Falling_Dust/00001","width":159,"height":55},"Falling_Dust/00019":{"type":"linkedmesh","parent":"Falling_Dust/00001","width":159,"height":55},"Falling_Dust/00020":{"type":"linkedmesh","parent":"Falling_Dust/00001","width":159,"height":55},"Falling_Dust/00021":{"type":"linkedmesh","parent":"Falling_Dust/00001","width":159,"height":55},"Falling_Dust/00022":{"type":"linkedmesh","parent":"Falling_Dust/00001","width":159,"height":55},"Falling_Dust/00023":{"type":"linkedmesh","parent":"Falling_Dust/00001","width":159,"height":55},"Falling_Dust/00024":{"type":"linkedmesh","parent":"Falling_Dust/00001","width":159,"height":55},"Falling_Dust/00025":{"type":"linkedmesh","parent":"Falling_Dust/00001","width":159,"height":55},"Falling_Dust/00026":{"type":"linkedmesh","parent":"Falling_Dust/00001","width":159,"height":55},"Falling_Dust/00027":{"type":"linkedmesh","parent":"Falling_Dust/00001","width":159,"height":55},"Falling_Dust/00028":{"type":"linkedmesh","parent":"Falling_Dust/00001","width":159,"height":55},"Falling_Dust/00029":{"type":"linkedmesh","parent":"Falling_Dust/00001","width":159,"height":55},"Falling_Dust/00030":{"type":"linkedmesh","parent":"Falling_Dust/00001","width":159,"height":55},"Falling_Dust/00031":{"type":"linkedmesh","parent":"Falling_Dust/00001","width":159,"height":55},"Falling_Dust/00032":{"type":"linkedmesh","parent":"Falling_Dust/00001","width":159,"height":55},"Falling_Dust/00033":{"type":"linkedmesh","parent":"Falling_Dust/00001","width":159,"height":55}}}}],"animations":{"Adrenalin_chain":{"slots":{"mask":{"attachment":[{"name":"mask"}]},"Spin_Chain":{"rgba":[{"color":"fd5500ff"}],"attachment":[{"name":"Spin_Chain"}]},"Spin_Chain2":{"rgba":[{"color":"fd5500ff"}],"attachment":[{"name":"Spin_Chain"}]},"Spin_Chain3":{"attachment":[{"name":"Spin_Chain"}]},"Spin_Chain4":{"attachment":[{"name":"Spin_Chain"}]}},"bones":{"Spin_Chain":{"translate":[{"x":-153.08,"y":-29.84}]},"Spin_Chain2":{"translate":[{},{"time":0.1667,"y":-285.89}]},"mask":{"translate":[{"x":-8.52,"y":-21.95}]}},"attachments":{"default":{"chainglow":{"chainglow":{"deform":[{"vertices":[-262.57843,-290.00003,-422.57843,-290.00003,-422.57843,289.99997,-262.57843,289.99997]}]}},"chainglow2":{"chainglow":{"deform":[{"vertices":[-262.57843,-290.00003,-422.57843,-290.00003,-422.57843,289.99997,-262.57843,289.99997]}]}},"mask":{"mask":{"deform":[{"vertices":[39.12827,0,60.58569,-2.52441,9.46657,74.11981,0,78.25656,0,0,0,-121.34915,0,-125.58913,61.84789,-3.15552]}]}}}},"drawOrder":[{"offsets":[{"slot":"mask","offset":6},{"slot":"chainglow","offset":-4},{"slot":"chainglow2","offset":-6}]}]},"Adrenalin_Glow":{"slots":{"chainglow":{"attachment":[{"name":"chainglow"}]},"chainglow2":{"attachment":[{"name":"chainglow"}]}},"bones":{"ChainGlow":{"scale":[{"x":0.757,"y":0.812,"curve":[0.167,0.757,0.333,1.045,0.167,0.812,0.333,0.812]},{"time":0.5,"x":1.045,"y":0.812,"curve":[0.667,1.045,0.833,0.757,0.667,0.812,0.833,0.812]},{"time":1,"x":0.757,"y":0.812}]}},"attachments":{"default":{"chainglow":{"chainglow":{"deform":[{"vertices":[-260.57587,-328.65054,-420.57587,-328.65054,-420.57587,251.34946,-260.57587,251.34946]}]}},"chainglow2":{"chainglow":{"deform":[{"vertices":[-260.57587,-328.65054,-420.57587,-328.65054,-420.57587,251.34946,-260.57587,251.34946]}]}}}}},"Falling_Dust":{"slots":{"X_FallingDust":{"rgba":[{"color":"d9efffc2","curve":"stepped"},{"time":0.8333,"color":"d9efffc2","curve":[0.922,0.85,1.011,0.85,0.922,0.94,1.011,0.94,0.922,1,1.011,1,0.922,0.76,1.011,0]},{"time":1.1,"color":"d9efff00"}],"attachment":[{"name":"Falling_Dust/00001"},{"time":0.0333,"name":"Falling_Dust/00002"},{"time":0.0667,"name":"Falling_Dust/00003"},{"time":0.1,"name":"Falling_Dust/00004"},{"time":0.1333,"name":"Falling_Dust/00005"},{"time":0.1667,"name":"Falling_Dust/00006"},{"time":0.2,"name":"Falling_Dust/00007"},{"time":0.2333,"name":"Falling_Dust/00008"},{"time":0.2667,"name":"Falling_Dust/00009"},{"time":0.3,"name":"Falling_Dust/00010"},{"time":0.3333,"name":"Falling_Dust/00011"},{"time":0.3667,"name":"Falling_Dust/00012"},{"time":0.4,"name":"Falling_Dust/00013"},{"time":0.4333,"name":"Falling_Dust/00014"},{"time":0.4667,"name":"Falling_Dust/00015"},{"time":0.5,"name":"Falling_Dust/00016"},{"time":0.5333,"name":"Falling_Dust/00017"},{"time":0.5667,"name":"Falling_Dust/00018"},{"time":0.6,"name":"Falling_Dust/00019"},{"time":0.6333,"name":"Falling_Dust/00020"},{"time":0.6667,"name":"Falling_Dust/00021"},{"time":0.7,"name":"Falling_Dust/00022"},{"time":0.7333,"name":"Falling_Dust/00023"},{"time":0.7667,"name":"Falling_Dust/00024"},{"time":0.8,"name":"Falling_Dust/00025"},{"time":0.8333,"name":"Falling_Dust/00026"},{"time":0.8667,"name":"Falling_Dust/00027"},{"time":0.9,"name":"Falling_Dust/00028"},{"time":0.9333,"name":"Falling_Dust/00029"},{"time":0.9667,"name":"Falling_Dust/00030"},{"time":1,"name":"Falling_Dust/00031"},{"time":1.0333,"name":"Falling_Dust/00032"},{"time":1.0667,"name":"Falling_Dust/00033"},{"time":1.1}]}},"bones":{"X_FallingDust":{"scale":[{"x":2.295,"y":2.295}]}},"attachments":{"default":{"X_FallingDust":{"Falling_Dust/00001":{"deform":[{"offset":1,"vertices":[-79.29257,0,-79.29257,0,-79.29257,0,-79.29257]}]}}}}},"Free_chain":{"slots":{"mask":{"attachment":[{"name":"mask"}]},"Spin_Chain":{"attachment":[{"name":"Spin_Chain2"}]},"Spin_Chain2":{"attachment":[{"name":"Spin_Chain2"}]},"Spin_Chain3":{"attachment":[{}]},"Spin_Chain4":{"attachment":[{}]}},"bones":{"Spin_Chain":{"translate":[{"x":-153.08,"y":-29.84}]},"Spin_Chain2":{"translate":[{},{"time":0.1667,"y":-285.89}]},"mask":{"translate":[{"x":-18.07,"y":-27.41}]}},"attachments":{"default":{"mask":{"mask":{"deform":[{"vertices":[39.12827,0,60.58569,-2.52441,9.46657,72.5766,0,78.25656,0,0,0,-119.27817,0,-125.58913,61.84789,-3.15552]}]}}}},"drawOrder":[{"offsets":[{"slot":"mask","offset":4}]}]},"Free_chain_hold":{"slots":{"Chain3":{"attachment":[{"name":"Chain2"}]},"mask":{"attachment":[{}]},"Spin_Chain":{"attachment":[{}]},"Spin_Chain2":{"attachment":[{}]},"Spin_Chain3":{"attachment":[{}]},"Spin_Chain4":{"attachment":[{}]}},"bones":{"Spin_Chain":{"translate":[{"x":-153.08,"y":-29.84}]},"Spin_Chain2":{"translate":[{}]},"mask":{"translate":[{"x":-18.07,"y":-27.41}]},"Chain3":{"rotate":[{"value":180}],"translate":[{"y":4.36}],"scale":[{"y":1.33}]}},"attachments":{"default":{"Chain3":{"Chain1":{"deform":[{"vertices":[-43,226.99998,43,227,43,-226.99998,-43,-227]}]}},"mask":{"mask":{"deform":[{"vertices":[39.12827,0,60.58569,-2.52441,9.46657,72.5766,0,78.25656,0,0,0,-119.27817,0,-125.58913,61.84789,-3.15552]}]}}}},"drawOrder":[{"offsets":[{"slot":"mask","offset":4}]}]},"FS_Lanthern":{"slots":{"FS_Lanthern_L":{"attachment":[{"name":"FS_Lanthern_L"}]},"Glow3":{"rgba":[{"color":"00f4ff00","curve":"stepped"},{"time":0.1333,"color":"00f4ff00","curve":[0.333,0,0.533,0,0.333,0.96,0.533,0.96,0.333,1,0.533,1,0.333,0.14,0.533,0.42]},{"time":0.7333,"color":"00f4ff6a","curve":[0.922,0,1.111,0,0.922,0.96,1.111,0.96,0.922,1,1.111,1,0.922,0.42,1.111,0.14]},{"time":1.3,"color":"00f4ff00"}],"attachment":[{"name":"Glow"}]}},"bones":{"FS_Lanthern_L":{"scale":[{"x":0.869,"y":0.869}]},"Glow3":{"translate":[{"x":-1063.22,"y":222.31}],"scale":[{"x":6.22,"y":6.22}]},"FS_Lanthern_L3":{"rotate":[{"curve":[0.247,0.54,0.49,1.15]},{"time":0.7333,"value":1.15,"curve":[0.956,1.15,1.178,0.33]},{"time":1.4,"curve":[1.622,-0.33,1.844,-0.85]},{"time":2.0667,"value":-0.85,"curve":[2.268,-0.85,2.47,-0.45]},{"time":2.6667}],"translate":[{"x":1056.72,"y":165.18}],"scale":[{"x":5.01}]},"Base_Lanthern_L2b2":{"rotate":[{"curve":[0.247,0.54,0.49,1.15]},{"time":0.7333,"value":1.15,"curve":[0.956,1.15,1.178,0.33]},{"time":1.4,"curve":[1.622,-0.33,1.844,-0.85]},{"time":2.0667,"value":-0.85,"curve":[2.268,-0.85,2.47,-0.45]},{"time":2.6667}],"scale":[{"x":24.968}]},"Base_Lanthern_L2c2":{"rotate":[{"curve":[0.247,0.54,0.49,1.15]},{"time":0.7333,"value":1.15,"curve":[0.956,1.15,1.178,0.33]},{"time":1.4,"curve":[1.622,-0.33,1.844,-0.85]},{"time":2.0667,"value":-0.85,"curve":[2.268,-0.85,2.47,-0.45]},{"time":2.6667}]},"Base_Lanthern_L2d2":{"rotate":[{"curve":[0.247,0.54,0.49,1.15]},{"time":0.7333,"value":1.15,"curve":[0.956,1.15,1.178,0.33]},{"time":1.4,"curve":[1.622,-0.33,1.844,-0.85]},{"time":2.0667,"value":-0.85,"curve":[2.268,-0.85,2.47,-0.45]},{"time":2.6667}]},"Base_Lanthern_L2e2":{"rotate":[{"curve":[0.247,0.54,0.49,1.15]},{"time":0.7333,"value":1.15,"curve":[0.956,1.15,1.178,0.33]},{"time":1.4,"curve":[1.622,-0.33,1.844,-0.85]},{"time":2.0667,"value":-0.85,"curve":[2.268,-0.85,2.47,-0.45]},{"time":2.6667}]},"Base_Lanthern_L2f2":{"rotate":[{"curve":[0.247,0.54,0.49,1.15]},{"time":0.7333,"value":1.15,"curve":[0.956,1.15,1.178,0.33]},{"time":1.4,"curve":[1.622,-0.33,1.844,-0.85]},{"time":2.0667,"value":-0.85,"curve":[2.268,-0.85,2.47,-0.45]},{"time":2.6667}],"scale":[{"x":0.869,"y":0.869}]}}},"Spark":{"slots":{"0001":{"attachment":[{"name":"Spark/0001"},{"time":0.0333,"name":"Spark/0002"},{"time":0.0667,"name":"Spark/0003"},{"time":0.1,"name":"Spark/0004"},{"time":0.1333,"name":"Spark/0005"},{"time":0.1667,"name":"Spark/0006"},{"time":0.2,"name":"Spark/0007"},{"time":0.2333,"name":"Spark/0008"},{"time":0.2667,"name":"Spark/0009"},{"time":0.3,"name":"Spark/0010"},{"time":0.3333,"name":"Spark/0011"},{"time":0.3667,"name":"Spark/0012"},{"time":0.4}]}},"bones":{"0001":{"rotate":[{"curve":[0.133,0,0.267,5.87]},{"time":0.4,"value":5.87}],"translate":[{"curve":[0.011,-15.98,0.022,-35.32,0.011,-23.39,0.022,-52.12]},{"time":0.0333,"x":-47.95,"y":-70.18,"curve":[0.044,-60.57,0.056,-64.5,0.044,-88.25,0.056,-98.08]},{"time":0.0667,"x":-75.74,"y":-108.4,"curve":[0.078,-86.98,0.089,-100.07,0.078,-118.72,0.089,-119.88]},{"time":0.1,"x":-115.4,"y":-132.09,"curve":[0.111,-130.74,0.122,-152.68,0.111,-144.3,0.122,-162.57]},{"time":0.1333,"x":-167.73,"y":-181.66,"curve":[0.144,-182.79,0.156,-193.26,0.144,-200.76,0.156,-220.13]},{"time":0.1667,"x":-205.74,"y":-246.67,"curve":[0.178,-218.23,0.189,-226.95,0.178,-273.2,0.189,-314.24]},{"time":0.2,"x":-242.65,"y":-340.86,"curve":[0.211,-258.35,0.222,-284.79,0.211,-367.49,0.222,-375.02]},{"time":0.2333,"x":-299.94,"y":-406.42,"curve":[0.244,-315.09,0.256,-320.78,0.244,-437.81,0.256,-494.28]},{"time":0.2667,"x":-333.54,"y":-529.26,"curve":[0.278,-346.31,0.289,-361.45,0.278,-564.24,0.289,-574.7]},{"time":0.3,"x":-376.51,"y":-616.29,"curve":[0.311,-391.57,0.322,-410.48,0.311,-657.88,0.322,-738.41]},{"time":0.3333,"x":-423.89,"y":-778.8,"curve":[0.344,-437.29,0.356,-445.94,0.344,-819.19,0.356,-832.02]},{"time":0.3667,"x":-456.97,"y":-858.63}],"scale":[{"x":0.067,"y":0.067,"curve":[0.131,0.067,0.269,0.583,0.131,0.067,0.269,0.583]},{"time":0.4,"x":0.583,"y":0.583}]}}}}}