{"skeleton":{"hash":"5bFA4sMlHQc","spine":"4.2.43","images":"./image/","audio":"./audio"},"bones":[{"name":"root"},{"name":"transit2","parent":"root","y":-100},{"name":"transit","parent":"root","y":100}],"slots":[{"name":"transit","bone":"transit"},{"name":"transit2","bone":"transit2"}],"skins":[{"name":"default","attachments":{"transit":{"transit":{"width":200,"height":200}},"transit2":{"transit":{"width":200,"height":200}}}}],"animations":{"hold":{"slots":{"transit":{"attachment":[{"name":"transit"}]},"transit2":{"attachment":[{"name":"transit"}]}},"bones":{"transit":{"translate":[{"y":-10}]},"transit2":{"translate":[{"y":10}]}}},"intro":{"slots":{"transit":{"attachment":[{"name":"transit"}]},"transit2":{"attachment":[{"name":"transit"}]}},"bones":{"transit":{"translate":[{"y":200,"curve":[0.167,0,0.333,0,0.346,200,0.333,-10]},{"time":0.5,"y":-10}]},"transit2":{"translate":[{"y":-200,"curve":[0.167,0,0.333,0,0.346,-200,0.333,10]},{"time":0.5,"y":10}]}}},"outro":{"slots":{"transit":{"attachment":[{"name":"transit"}]},"transit2":{"attachment":[{"name":"transit"}]}},"bones":{"transit":{"translate":[{"y":-10},{"time":0.5,"y":200}]},"transit2":{"translate":[{"y":10},{"time":0.5,"y":-200}]}}}}}