{"frames": {

"Symbol1.png":
{
	"frame": {"x":1,"y":1852,"w":73,"h":72},
	"rotated": false,
	"trimmed": true,
	"spriteSourceSize": {"x":4,"y":5,"w":73,"h":72},
	"sourceSize": {"w":80,"h":80}
},
"Symbol1_Blurred.png":
{
	"frame": {"x":1,"y":1415,"w":75,"h":87},
	"rotated": false,
	"trimmed": true,
	"spriteSourceSize": {"x":13,"y":6,"w":75,"h":87},
	"sourceSize": {"w":100,"h":100}
},
"Symbol2.png":
{
	"frame": {"x":1,"y":1588,"w":74,"h":75},
	"rotated": true,
	"trimmed": true,
	"spriteSourceSize": {"x":4,"y":3,"w":74,"h":75},
	"sourceSize": {"w":80,"h":80}
},
"Symbol2_Blurred.png":
{
	"frame": {"x":1,"y":98,"w":82,"h":89},
	"rotated": false,
	"trimmed": true,
	"spriteSourceSize": {"x":9,"y":5,"w":82,"h":89},
	"sourceSize": {"w":100,"h":100}
},
"Symbol3.png":
{
	"frame": {"x":1,"y":1508,"w":75,"h":74},
	"rotated": false,
	"trimmed": true,
	"spriteSourceSize": {"x":3,"y":3,"w":75,"h":74},
	"sourceSize": {"w":80,"h":80}
},
"Symbol3_Blurred.png":
{
	"frame": {"x":1,"y":1,"w":82,"h":91},
	"rotated": false,
	"trimmed": true,
	"spriteSourceSize": {"x":9,"y":4,"w":82,"h":91},
	"sourceSize": {"w":100,"h":100}
},
"Symbol4.png":
{
	"frame": {"x":1,"y":471,"w":79,"h":80},
	"rotated": true,
	"trimmed": true,
	"spriteSourceSize": {"x":1,"y":0,"w":79,"h":80},
	"sourceSize": {"w":80,"h":80}
},
"Symbol4_Blurred.png":
{
	"frame": {"x":1,"y":1668,"w":74,"h":88},
	"rotated": false,
	"trimmed": true,
	"spriteSourceSize": {"x":14,"y":6,"w":74,"h":88},
	"sourceSize": {"w":100,"h":100}
},
"Symbol5.png":
{
	"frame": {"x":1,"y":1163,"w":78,"h":79},
	"rotated": true,
	"trimmed": true,
	"spriteSourceSize": {"x":2,"y":0,"w":78,"h":79},
	"sourceSize": {"w":80,"h":80}
},
"Symbol5_Blurred.png":
{
	"frame": {"x":1,"y":1762,"w":73,"h":84},
	"rotated": false,
	"trimmed": true,
	"spriteSourceSize": {"x":14,"y":8,"w":73,"h":84},
	"sourceSize": {"w":100,"h":100}
},
"Symbol6.png":
{
	"frame": {"x":1,"y":556,"w":80,"h":78},
	"rotated": false,
	"trimmed": true,
	"spriteSourceSize": {"x":0,"y":1,"w":80,"h":78},
	"sourceSize": {"w":80,"h":80}
},
"Symbol6_Blurred.png":
{
	"frame": {"x":1,"y":964,"w":79,"h":94},
	"rotated": false,
	"trimmed": true,
	"spriteSourceSize": {"x":11,"y":3,"w":79,"h":94},
	"sourceSize": {"w":100,"h":100}
},
"Symbol7.png":
{
	"frame": {"x":1,"y":884,"w":80,"h":74},
	"rotated": false,
	"trimmed": true,
	"spriteSourceSize": {"x":0,"y":3,"w":80,"h":74},
	"sourceSize": {"w":80,"h":80}
},
"Symbol7_Blurred.png":
{
	"frame": {"x":1,"y":193,"w":82,"h":86},
	"rotated": false,
	"trimmed": true,
	"spriteSourceSize": {"x":9,"y":6,"w":82,"h":86},
	"sourceSize": {"w":100,"h":100}
},
"Symbol8.png":
{
	"frame": {"x":1,"y":640,"w":80,"h":76},
	"rotated": false,
	"trimmed": true,
	"spriteSourceSize": {"x":0,"y":2,"w":80,"h":76},
	"sourceSize": {"w":80,"h":80}
},
"Symbol8_Blurred.png":
{
	"frame": {"x":1,"y":285,"w":80,"h":94},
	"rotated": false,
	"trimmed": true,
	"spriteSourceSize": {"x":10,"y":2,"w":80,"h":94},
	"sourceSize": {"w":100,"h":100}
},
"Symbol9.png":
{
	"frame": {"x":1,"y":385,"w":80,"h":80},
	"rotated": false,
	"trimmed": false,
	"spriteSourceSize": {"x":0,"y":0,"w":80,"h":80},
	"sourceSize": {"w":80,"h":80}
},
"Symbol9_Blurred.png":
{
	"frame": {"x":1,"y":1247,"w":78,"h":92},
	"rotated": false,
	"trimmed": true,
	"spriteSourceSize": {"x":12,"y":3,"w":78,"h":92},
	"sourceSize": {"w":100,"h":100}
},
"Symbol10.png":
{
	"frame": {"x":1,"y":722,"w":75,"h":80},
	"rotated": true,
	"trimmed": true,
	"spriteSourceSize": {"x":2,"y":0,"w":75,"h":80},
	"sourceSize": {"w":80,"h":80}
},
"Symbol10_Blurred.png":
{
	"frame": {"x":1,"y":1064,"w":79,"h":93},
	"rotated": false,
	"trimmed": true,
	"spriteSourceSize": {"x":11,"y":3,"w":79,"h":93},
	"sourceSize": {"w":100,"h":100}
},
"Symbol11.png":
{
	"frame": {"x":1,"y":803,"w":75,"h":80},
	"rotated": true,
	"trimmed": true,
	"spriteSourceSize": {"x":2,"y":0,"w":75,"h":80},
	"sourceSize": {"w":80,"h":80}
},
"Symbol11_Blurred.png":
{
	"frame": {"x":1,"y":1345,"w":64,"h":78},
	"rotated": true,
	"trimmed": true,
	"spriteSourceSize": {"x":15,"y":10,"w":64,"h":78},
	"sourceSize": {"w":100,"h":100}
}},
"animations": {
	"Symbol": ["Symbol1.png","Symbol2.png","Symbol3.png","Symbol4.png","Symbol5.png","Symbol6.png","Symbol7.png","Symbol8.png","Symbol9.png","Symbol10.png","Symbol11.png"]
},
"meta": {
	"app": "https://www.codeandweb.com/texturepacker",
	"version": "1.1",
	"image": "symbols.png",
	"format": "RGBA8888",
	"size": {"w":84,"h":1925},
	"scale": "0.5",
	"smartupdate": "$TexturePacker:SmartUpdate:bc3618b606cd946f5a0bea58be7b6ae6:3620725e5ddfb6905cf03b9df9d4b472:f8e5bc0e9460abb663bb79eba1446cf5$"
}
}
