{
  "frames": {
    "36": {
      "frame": {
        "x": 2,
        "y": 2,
        "w": 145,
        "h": 215
      },
      "rotated": false,
      "trimmed": true,
      "spriteSourceSize": {
        "x": 1,
        "y": 9,
        "w": 145,
        "h": 215
      },
      "sourceSize": {
        "w": 148,
        "h": 256
      },
      "pivot": {
        "x": 0.5,
        "y": 0.5
      }
    },
    "8364": {
      "frame": {
        "x": 2,
        "y": 221,
        "w": 150,
        "h": 198
      },
      "rotated": false,
      "trimmed": true,
      "spriteSourceSize": {
        "x": 1,
        "y": 16,
        "w": 150,
        "h": 198
      },
      "sourceSize": {
        "w": 152,
        "h": 256
      },
      "pivot": {
        "x": 0.5,
        "y": 0.5
      }
    },
    "56": {
      "frame": {
        "x": 151,
        "y": 2,
        "w": 149,
        "h": 196
      },
      "rotated": false,
      "trimmed": true,
      "spriteSourceSize": {
        "x": 1,
        "y": 19,
        "w": 149,
        "h": 196
      },
      "sourceSize": {
        "w": 152,
        "h": 256
      },
      "pivot": {
        "x": 0.5,
        "y": 0.5
      }
    },
    "54": {
      "frame": {
        "x": 2,
        "y": 423,
        "w": 147,
        "h": 196
      },
      "rotated": false,
      "trimmed": true,
      "spriteSourceSize": {
        "x": 2,
        "y": 18,
        "w": 147,
        "h": 196
      },
      "sourceSize": {
        "w": 150,
        "h": 256
      },
      "pivot": {
        "x": 0.5,
        "y": 0.5
      }
    },
    "57": {
      "frame": {
        "x": 2,
        "y": 623,
        "w": 147,
        "h": 196
      },
      "rotated": false,
      "trimmed": true,
      "spriteSourceSize": {
        "x": 1,
        "y": 18,
        "w": 147,
        "h": 196
      },
      "sourceSize": {
        "w": 149,
        "h": 256
      },
      "pivot": {
        "x": 0.5,
        "y": 0.5
      }
    },
    "163": {
      "frame": {
        "x": 2,
        "y": 823,
        "w": 144,
        "h": 196
      },
      "rotated": false,
      "trimmed": true,
      "spriteSourceSize": {
        "x": 2,
        "y": 16,
        "w": 144,
        "h": 196
      },
      "sourceSize": {
        "w": 147,
        "h": 256
      },
      "pivot": {
        "x": 0.5,
        "y": 0.5
      }
    },
    "51": {
      "frame": {
        "x": 2,
        "y": 1023,
        "w": 140,
        "h": 196
      },
      "rotated": false,
      "trimmed": true,
      "spriteSourceSize": {
        "x": 0,
        "y": 19,
        "w": 140,
        "h": 196
      },
      "sourceSize": {
        "w": 140,
        "h": 256
      },
      "pivot": {
        "x": 0.5,
        "y": 0.5
      }
    },
    "48": {
      "frame": {
        "x": 2,
        "y": 1223,
        "w": 151,
        "h": 195
      },
      "rotated": false,
      "trimmed": true,
      "spriteSourceSize": {
        "x": 0,
        "y": 20,
        "w": 151,
        "h": 195
      },
      "sourceSize": {
        "w": 152,
        "h": 256
      },
      "pivot": {
        "x": 0.5,
        "y": 0.5
      }
    },
    "53": {
      "frame": {
        "x": 146,
        "y": 1023,
        "w": 144,
        "h": 195
      },
      "rotated": false,
      "trimmed": true,
      "spriteSourceSize": {
        "x": 2,
        "y": 20,
        "w": 144,
        "h": 195
      },
      "sourceSize": {
        "w": 148,
        "h": 256
      },
      "pivot": {
        "x": 0.5,
        "y": 0.5
      }
    },
    "8378": {
      "frame": {
        "x": 150,
        "y": 823,
        "w": 157,
        "h": 194
      },
      "rotated": false,
      "trimmed": true,
      "spriteSourceSize": {
        "x": 0,
        "y": 19,
        "w": 157,
        "h": 194
      },
      "sourceSize": {
        "w": 158,
        "h": 256
      },
      "pivot": {
        "x": 0.5,
        "y": 0.5
      }
    },
    "52": {
      "frame": {
        "x": 153,
        "y": 423,
        "w": 155,
        "h": 194
      },
      "rotated": false,
      "trimmed": true,
      "spriteSourceSize": {
        "x": 0,
        "y": 19,
        "w": 155,
        "h": 194
      },
      "sourceSize": {
        "w": 156,
        "h": 256
      },
      "pivot": {
        "x": 0.5,
        "y": 0.5
      }
    },
    "50": {
      "frame": {
        "x": 153,
        "y": 621,
        "w": 134,
        "h": 194
      },
      "rotated": false,
      "trimmed": true,
      "spriteSourceSize": {
        "x": 1,
        "y": 19,
        "w": 134,
        "h": 194
      },
      "sourceSize": {
        "w": 136,
        "h": 256
      },
      "pivot": {
        "x": 0.5,
        "y": 0.5
      }
    },
    "55": {
      "frame": {
        "x": 291,
        "y": 621,
        "w": 134,
        "h": 194
      },
      "rotated": false,
      "trimmed": true,
      "spriteSourceSize": {
        "x": 1,
        "y": 21,
        "w": 134,
        "h": 194
      },
      "sourceSize": {
        "w": 136,
        "h": 256
      },
      "pivot": {
        "x": 0.5,
        "y": 0.5
      }
    },
    "8362": {
      "frame": {
        "x": 429,
        "y": 621,
        "w": 209,
        "h": 193
      },
      "rotated": false,
      "trimmed": true,
      "spriteSourceSize": {
        "x": 1,
        "y": 19,
        "w": 209,
        "h": 193
      },
      "sourceSize": {
        "w": 211,
        "h": 256
      },
      "pivot": {
        "x": 0.5,
        "y": 0.5
      }
    },
    "8380": {
      "frame": {
        "x": 156,
        "y": 202,
        "w": 207,
        "h": 193
      },
      "rotated": false,
      "trimmed": true,
      "spriteSourceSize": {
        "x": 1,
        "y": 19,
        "w": 207,
        "h": 193
      },
      "sourceSize": {
        "w": 209,
        "h": 256
      },
      "pivot": {
        "x": 0.5,
        "y": 0.5
      }
    },
    "8381": {
      "frame": {
        "x": 312,
        "y": 2,
        "w": 157,
        "h": 193
      },
      "rotated": false,
      "trimmed": true,
      "spriteSourceSize": {
        "x": 1,
        "y": 19,
        "w": 157,
        "h": 193
      },
      "sourceSize": {
        "w": 159,
        "h": 256
      },
      "pivot": {
        "x": 0.5,
        "y": 0.5
      }
    },
    "165": {
      "frame": {
        "x": 312,
        "y": 399,
        "w": 156,
        "h": 193
      },
      "rotated": false,
      "trimmed": true,
      "spriteSourceSize": {
        "x": 1,
        "y": 19,
        "w": 156,
        "h": 193
      },
      "sourceSize": {
        "w": 158,
        "h": 256
      },
      "pivot": {
        "x": 0.5,
        "y": 0.5
      }
    },
    "8377": {
      "frame": {
        "x": 367,
        "y": 199,
        "w": 136,
        "h": 193
      },
      "rotated": false,
      "trimmed": true,
      "spriteSourceSize": {
        "x": 1,
        "y": 19,
        "w": 136,
        "h": 193
      },
      "sourceSize": {
        "w": 137,
        "h": 256
      },
      "pivot": {
        "x": 0.5,
        "y": 0.5
      }
    },
    "49": {
      "frame": {
        "x": 473,
        "y": 2,
        "w": 118,
        "h": 192
      },
      "rotated": false,
      "trimmed": true,
      "spriteSourceSize": {
        "x": 0,
        "y": 20,
        "w": 118,
        "h": 192
      },
      "sourceSize": {
        "w": 119,
        "h": 256
      },
      "pivot": {
        "x": 0.5,
        "y": 0.5
      }
    },
    "88": {
      "frame": {
        "x": 472,
        "y": 396,
        "w": 150,
        "h": 155
      },
      "rotated": false,
      "trimmed": true,
      "spriteSourceSize": {
        "x": 1,
        "y": 60,
        "w": 150,
        "h": 155
      },
      "sourceSize": {
        "w": 153,
        "h": 256
      },
      "pivot": {
        "x": 0.5,
        "y": 0.5
      }
    },
    "43": {
      "frame": {
        "x": 507,
        "y": 198,
        "w": 143,
        "h": 155
      },
      "rotated": false,
      "trimmed": true,
      "spriteSourceSize": {
        "x": 4,
        "y": 46,
        "w": 143,
        "h": 155
      },
      "sourceSize": {
        "w": 152,
        "h": 256
      },
      "pivot": {
        "x": 0.5,
        "y": 0.5
      }
    },
    "44": {
      "frame": {
        "x": 595,
        "y": 2,
        "w": 86,
        "h": 133
      },
      "rotated": false,
      "trimmed": true,
      "spriteSourceSize": {
        "x": 1,
        "y": 121,
        "w": 86,
        "h": 133
      },
      "sourceSize": {
        "w": 88,
        "h": 256
      },
      "pivot": {
        "x": 0.5,
        "y": 0.5
      }
    },
    "46": {
      "frame": {
        "x": 626,
        "y": 357,
        "w": 86,
        "h": 94
      },
      "rotated": false,
      "trimmed": true,
      "spriteSourceSize": {
        "x": 1,
        "y": 121,
        "w": 86,
        "h": 94
      },
      "sourceSize": {
        "w": 88,
        "h": 256
      },
      "pivot": {
        "x": 0.5,
        "y": 0.5
      }
    }
  },
  "meta": {
    "app": "https://ourcade.co",
    "version": "1.0.0",
    "image": "numbers.png",
    "format": "RGBA8888",
    "size": {
      "w": 714,
      "h": 1420
    },
    "scale": 1
  }
}